,PC1_thermal,PC2_thermal
mean_color,0.5679312208849918,0.30518244570621106
max_color,0.4993466500205481,-0.23686185331890458
min_color,0.25484927262332524,0.7821923959304488
std_color,0.5709437594707273,-0.32107788779130747
color_gradient,0.19282666626308162,-0.36857045865772475
