{
  "random_forest": {
    "n_estimators": 385,
    "max_depth": 20,
    "min_samples_split": 36,
    "min_samples_leaf": 2,
    "max_features": 0.5
  },
  "xgboost": {
    "n_estimators": 383,
    "max_depth": 10,
    "learning_rate": 0.1631014375355187,
    "subsample": 0.7091299506469884,
    "colsample_bytree": 0.6529237744201707,
    "reg_alpha": 0.15557411781838856,
    "reg_lambda": 7.663656903203504
  },
  "lightgbm": {
    "n_estimators": 206,
    "num_leaves": 97,
    "learning_rate": 0.2095989959141293,
    "feature_fraction": 0.8738730906491228,
    "bagging_fraction": 0.705222146137372,
    "min_child_samples": 48,
    "reg_alpha": 0.06303229331783262,
    "reg_lambda": 2.957435517291784
  }
}