{
  "random_forest": {
    "n_estimators": 286,
    "max_depth": 13,
    "min_samples_split": 33,
    "min_samples_leaf": 2,
    "max_features": 0.5
  },
  "xgboost": {
    "n_estimators": 500,
    "max_depth": 3,
    "learning_rate": 0.18414104556257463,
    "subsample": 0.693331117789084,
    "colsample_bytree": 0.6524698436235498,
    "reg_alpha": 0.10111079923672828,
    "reg_lambda": 3.6687873662828356
  },
  "lightgbm": {
    "n_estimators": 395,
    "num_leaves": 45,
    "learning_rate": 0.2996056616223062,
    "feature_fraction": 0.9246501128617072,
    "bagging_fraction": 0.60541894798439,
    "min_child_samples": 49,
    "reg_alpha": 0.0155446095748427,
    "reg_lambda": 9.413961830224892
  }
}